<?xml version="1.0" encoding="UTF-8"?><metadata>
<idinfo>
<citation>
<citeinfo>
<origin/>
<title>Planned Unit Development</title>
<geoform>vector digital data</geoform>
<pubinfo>
<publish>DC GIS</publish>
</pubinfo>
</citeinfo>
</citation>
<descript>
<abstract>A Planned Unit Development (PUD) is a large-scale development in which conventional zoning standards (such assetbacks and height limits) are relaxed in order to conserve sensitive areas, promote the creation of public amenities such as parks and plazas, and encourage the mixing of different land uses. All DC GIS data is stored and exported in Maryland State Plane coordinates NAD 83 meters. This layer contains complete theoretical address ranges. METADATA CONTENT IS IN PROCESS OF VALIDATION AND SUBJECT TO CHANGE.</abstract>
<purpose>This data set was created to act as a basis for public and private institutions to improve their policy and decision making; promote economic development; and enhance the quality of life for residents and businesses.</purpose>
</descript>
<status>
<progress>Complete</progress>
<update>As needed</update>
</status>
<spdom>
<bounding>
<westbc>-77.111964</westbc>
<eastbc>-76.914971</eastbc>
<northbc>38.985992</northbc>
<southbc>38.812603</southbc>
</bounding>
</spdom>
<keywords>
<theme>
<themekt>None</themekt>
<themekey>Development</themekey>
<themekey>Transfer of Development Rights</themekey>
<themekey>overlay</themekey>
<themekey>Zoning</themekey>
</theme>
</keywords>
<accconst>Contact OCTO GIS. Any data obtained outside of OCTO GIS or the DC Office of Zoning are unauthorized copies.</accconst>
<useconst>http://dc.gov/page/terms-and-conditions-use-district-data</useconst>
<ptcontac>
<cntinfo>
<cntorgp>
<cntorg>D.C. Office of Zoning</cntorg>
<cntper>Nyambi Nyambi</cntper>
</cntorgp>
<cntpos>Chief Technology Officer</cntpos>
<cntaddr>
<addrtype>mailing and physical</addrtype>
<address>441 4th St NW, Suite 210S</address>
<city>Washington</city>
<state>D.C.</state>
<postal>20001</postal>
<country>US</country>
</cntaddr>
<cntvoice>(202) 727-0314</cntvoice>
<cntfax>202-727-5660</cntfax>
<cntemail>Nyambi.Nyambi@dc.gov</cntemail>
<hours>10 am - 5 pm</hours>
</cntinfo>
</ptcontac>
<datacred>District of Columbia Office of Zoning (DCOZ)</datacred>
<native>Microsoft Windows 2000 Version 5.0 (Build 2195) Service Pack 4; ESRI ArcCatalog 9.2.6.1500</native>
<crossref>
<citeinfo>
<pubdate>20100405</pubdate>
<title>PUD</title>
</citeinfo>
</crossref>
</idinfo>
<dataqual>
<attracc>
<attraccr>Data believed to be complete and accurate, subject to change. Digital version compared with original source data for accuracy and completeness. Validated by source and/or responsible agency.</attraccr>
</attracc>
<logic>Data is updated by Data Coordinator and QC'ed by the Chief Technology Officer.</logic>
<complete>Data believed to be complete and accurate, subject to change. Digital version compared with original source data for accuracy and completeness. Validated by source and/or responsible agency.</complete>
<posacc>
<horizpa>
<horizpar>Horizontal accuracy based on DC GIS Real Property Data</horizpar>
</horizpa>
</posacc>
</dataqual>
<spdoinfo>
<direct>Vector</direct>
<ptvctinf>
<sdtsterm>
<sdtstype>GT-polygon composed of chains</sdtstype>
<ptvctcnt>0</ptvctcnt>
</sdtsterm>
<sdtsterm>
<sdtstype>GT-polygon composed of chains</sdtstype>
<ptvctcnt>0</ptvctcnt>
</sdtsterm>
</ptvctinf>
</spdoinfo>
<eainfo>
<detailed>
<enttyp>
<enttypl>DCGIS.PUD</enttypl>
</enttyp>
<attr>
<attrlabl>PUD_Name</attrlabl>
</attr>
<attr>
<attrlabl>PUD_Zoning</attrlabl>
<attrdef>Feature geometry.</attrdef>
<attrdefs>ESRI</attrdefs>
<attrdomv>
					<udom>Coordinates defining the features.</udom>
				</attrdomv>
</attr>
<attr>
<attrlabl>GlobalID</attrlabl>
<attrdef>Feature geometry.</attrdef>
<attrdefs>ESRI</attrdefs>
<attrdomv>
					<udom>Coordinates defining the features.</udom>
				</attrdomv>
</attr>
<attr>
<attrlabl>PUD_WEB_URL</attrlabl>
</attr>
<attr>
<attrlabl>Shape</attrlabl>
<attrdef>Feature geometry.</attrdef>
<attrdefs>ESRI</attrdefs>
<attrdomv>
					<udom>Coordinates defining the features.</udom>
				</attrdomv>
</attr>
<attr>
<attrlabl>OBJECTID</attrlabl>
<attrdef>Internal feature number.</attrdef>
<attrdefs>ESRI</attrdefs>
<attrdomv>
					<udom>Sequential unique whole numbers that are automatically generated.</udom>
				</attrdomv>
</attr>
<attr>
<attrlabl>SHAPE.LEN</attrlabl>
</attr>
<attr>
<attrlabl>SHAPE</attrlabl>
<attrdef>Feature geometry.</attrdef>
<attrdefs>ESRI</attrdefs>
<attrdomv>
					<udom>Coordinates defining the features.</udom>
				</attrdomv>
</attr>
<attr>
<attrlabl>SHAPE.AREA</attrlabl>
</attr>
<attr>
<attrlabl>PUD_CHANGE_NARRATIVE</attrlabl>
</attr>
<attr>
<attrlabl>PUD_NAME</attrlabl>
</attr>
<attr>
<attrlabl>PUD_Status</attrlabl>
<attrdef>Internal feature number.</attrdef>
<attrdefs>ESRI</attrdefs>
<attrdomv>
					<udom>Sequential unique whole numbers that are automatically generated.</udom>
				</attrdomv>
</attr>
<attr>
<attrlabl>GLOBALID</attrlabl>
<attrdef>Internal feature number.</attrdef>
<attrdefs>ESRI</attrdefs>
<attrdomv>
					<udom>Sequential unique whole numbers that are automatically generated.</udom>
				</attrdomv>
</attr>
<attr>
<attrlabl>PUD_CASE_NUMBER</attrlabl>
</attr>
<attr>
<attrlabl>PUD_Change_Narrative</attrlabl>
</attr>
<attr>
<attrlabl>PUD_STATUS</attrlabl>
</attr>
<attr>
<attrlabl>PUD_Web_URL</attrlabl>
<attrdef>Feature geometry.</attrdef>
<attrdefs>ESRI</attrdefs>
<attrdomv>
					<udom>Coordinates defining the features.</udom>
				</attrdomv>
</attr>
<attr>
<attrlabl>PUD_ZONING</attrlabl>
</attr>
<attr>
<attrlabl>PUD_Case_Number</attrlabl>
</attr>
<attr>
<attrlabl>SE_ANNO_CAD_DATA</attrlabl>
</attr>
</detailed>
</eainfo>
<distinfo>
<distrib>
<cntinfo>
<cntorgp>
<cntorg>DC Office of Zoning</cntorg>
<cntper>Nyambi Nyambi</cntper>
</cntorgp>
<cntpos>Chief Technology Officer</cntpos>
<cntaddr>
<addrtype>mailing and physical</addrtype>
<address>200 I Street SE, 5th Floor</address>
<city>Washington</city>
<state>DC</state>
<postal>20001</postal>
<country>US</country>
</cntaddr>
<cntvoice>(202) 727-0314</cntvoice>
<cntemail>nyambi.nyambi@dc.gov</cntemail>
<hours>10 am - 5 pm</hours>
</cntinfo>
</distrib>
<distliab>For data terms and conditions, go to http://dc.gov/page/terms-and-conditions-use-district-data</distliab>
<custom>All data is available at http://opendata.dc.gov</custom>
</distinfo>
<metainfo>
<metd>20110411</metd>
<metc>
<cntinfo>
<cntorgp>
<cntorg>DCOZ</cntorg>
<cntper>REQUIRED: The person responsible for the metadata information.</cntper>
</cntorgp>
<cntaddr>
<addrtype>mailing and physical</addrtype>
<address>200 I Street SE, 5th Floor</address>
<city>Washington</city>
<state>D.C.</state>
<postal>20001</postal>
<country>US</country>
</cntaddr>
<cntvoice>REQUIRED: The telephone number by which individuals can speak to the organization or individual.</cntvoice>
</cntinfo>
</metc>
<metstdn>FGDC Content Standard for Digital Geospatial Metadata</metstdn>
<metstdv>FGDC-STD-001-1998</metstdv>
<mettc>local time</mettc>
</metainfo>
</metadata>
